<?xml version="1.0" encoding="UTF-8"?>
<export version="E">
  <design>
    <source>C:\Users\Steve.Mealy\Documents\KiCad\sandbox\sandbox.kicad_sch</source>
    <date>1/27/2022 11:36:35 AM</date>
    <tool>Eeschema (6.0.1)</tool>
    <sheet number="1" name="/" tstamps="/">
      <title_block>
        <title/>
        <company/>
        <rev/>
        <date/>
        <source>sandbox.kicad_sch</source>
        <comment number="1" value=""/>
        <comment number="2" value=""/>
        <comment number="3" value=""/>
        <comment number="4" value=""/>
        <comment number="5" value=""/>
        <comment number="6" value=""/>
        <comment number="7" value=""/>
        <comment number="8" value=""/>
        <comment number="9" value=""/>
      </title_block>
    </sheet>
  </design>
  <components>
    <comp ref="C1">
      <value>10uF</value>
      <footprint>Capacitor_SMD:C_0805_2012Metric_Pad1.18x1.45mm_HandSolder</footprint>
      <libsource lib="Device" part="C" description="Unpolarized capacitor"/>
      <property name="Sheetname" value=""/>
      <property name="Sheetfile" value="sandbox.kicad_sch"/>
      <sheetpath names="/" tstamps="/"/>
      <tstamps>839e4d23-4a9d-4180-a174-16908489eefa</tstamps>
    </comp>
    <comp ref="C2">
      <value>1uF</value>
      <footprint>Capacitor_SMD:C_0805_2012Metric_Pad1.18x1.45mm_HandSolder</footprint>
      <libsource lib="Device" part="C" description="Unpolarized capacitor"/>
      <property name="Sheetname" value=""/>
      <property name="Sheetfile" value="sandbox.kicad_sch"/>
      <sheetpath names="/" tstamps="/"/>
      <tstamps>6c250527-6a18-497b-b03d-ce5b11906343</tstamps>
    </comp>
    <comp ref="C3">
      <value>4.7uF</value>
      <footprint>Capacitor_SMD:C_0805_2012Metric_Pad1.18x1.45mm_HandSolder</footprint>
      <libsource lib="Device" part="C" description="Unpolarized capacitor"/>
      <property name="Sheetname" value=""/>
      <property name="Sheetfile" value="sandbox.kicad_sch"/>
      <sheetpath names="/" tstamps="/"/>
      <tstamps>dfcff0c6-14ab-4e61-b849-baf49cfbbd13</tstamps>
    </comp>
    <comp ref="C4">
      <value>100nF</value>
      <footprint>Capacitor_SMD:C_0805_2012Metric_Pad1.18x1.45mm_HandSolder</footprint>
      <libsource lib="Device" part="C" description="Unpolarized capacitor"/>
      <property name="Sheetname" value=""/>
      <property name="Sheetfile" value="sandbox.kicad_sch"/>
      <sheetpath names="/" tstamps="/"/>
      <tstamps>480d5422-6d33-4319-a5c2-9ce1cd04fa90</tstamps>
    </comp>
    <comp ref="C5">
      <value>1uF</value>
      <footprint>Capacitor_SMD:C_0805_2012Metric_Pad1.18x1.45mm_HandSolder</footprint>
      <libsource lib="Device" part="C" description="Unpolarized capacitor"/>
      <property name="Sheetname" value=""/>
      <property name="Sheetfile" value="sandbox.kicad_sch"/>
      <sheetpath names="/" tstamps="/"/>
      <tstamps>5880b9b0-aa32-4505-8669-deb95429be37</tstamps>
    </comp>
    <comp ref="C6">
      <value>12pF</value>
      <footprint>Capacitor_SMD:C_0805_2012Metric_Pad1.18x1.45mm_HandSolder</footprint>
      <libsource lib="Device" part="C" description="Unpolarized capacitor"/>
      <property name="Sheetname" value=""/>
      <property name="Sheetfile" value="sandbox.kicad_sch"/>
      <sheetpath names="/" tstamps="/"/>
      <tstamps>5b144c8a-a3ed-45e5-ab81-8301c75c6078</tstamps>
    </comp>
    <comp ref="C7">
      <value>12pF</value>
      <footprint>Capacitor_SMD:C_0805_2012Metric_Pad1.18x1.45mm_HandSolder</footprint>
      <libsource lib="Device" part="C" description="Unpolarized capacitor"/>
      <property name="Sheetname" value=""/>
      <property name="Sheetfile" value="sandbox.kicad_sch"/>
      <sheetpath names="/" tstamps="/"/>
      <tstamps>abc6ec6d-0135-4b01-8924-d4e17e5636e2</tstamps>
    </comp>
    <comp ref="C8">
      <value>1uF</value>
      <footprint>Capacitor_SMD:C_0805_2012Metric_Pad1.18x1.45mm_HandSolder</footprint>
      <libsource lib="Device" part="C" description="Unpolarized capacitor"/>
      <property name="Sheetname" value=""/>
      <property name="Sheetfile" value="sandbox.kicad_sch"/>
      <sheetpath names="/" tstamps="/"/>
      <tstamps>e2508384-5ab1-4182-a91b-b7336f8c0cc8</tstamps>
    </comp>
    <comp ref="C9">
      <value>4.7uF</value>
      <footprint>Capacitor_SMD:C_0805_2012Metric_Pad1.18x1.45mm_HandSolder</footprint>
      <libsource lib="Device" part="C" description="Unpolarized capacitor"/>
      <property name="Sheetname" value=""/>
      <property name="Sheetfile" value="sandbox.kicad_sch"/>
      <sheetpath names="/" tstamps="/"/>
      <tstamps>adc6f8a7-dea0-41fc-9c1a-7ee0d3ea7471</tstamps>
    </comp>
    <comp ref="C10">
      <value>1uF</value>
      <footprint>Capacitor_SMD:C_0805_2012Metric_Pad1.18x1.45mm_HandSolder</footprint>
      <libsource lib="Device" part="C" description="Unpolarized capacitor"/>
      <property name="Sheetname" value=""/>
      <property name="Sheetfile" value="sandbox.kicad_sch"/>
      <sheetpath names="/" tstamps="/"/>
      <tstamps>ac24471d-89d0-437d-8641-a1638fcc5e55</tstamps>
    </comp>
    <comp ref="C11">
      <value>1uF</value>
      <footprint>Capacitor_SMD:C_0805_2012Metric_Pad1.18x1.45mm_HandSolder</footprint>
      <libsource lib="Device" part="C" description="Unpolarized capacitor"/>
      <property name="Sheetname" value=""/>
      <property name="Sheetfile" value="sandbox.kicad_sch"/>
      <sheetpath names="/" tstamps="/"/>
      <tstamps>8b520a1a-b071-43af-8a7c-2b5f1d9c3dc3</tstamps>
    </comp>
    <comp ref="C12">
      <value>3300pF</value>
      <footprint>Capacitor_SMD:C_0805_2012Metric_Pad1.18x1.45mm_HandSolder</footprint>
      <libsource lib="Device" part="C" description="Unpolarized capacitor"/>
      <property name="Sheetname" value=""/>
      <property name="Sheetfile" value="sandbox.kicad_sch"/>
      <sheetpath names="/" tstamps="/"/>
      <tstamps>15bd9d3e-0ab9-40ad-80de-7f9fc2cf1dcd</tstamps>
    </comp>
    <comp ref="D1">
      <value>ESDA6V1BC6</value>
      <footprint>Package_TO_SOT_SMD:SOT-23-6</footprint>
      <datasheet>http://www.st.com/content/ccc/resource/technical/document/datasheet/21/07/21/e3/a8/df/42/a2/CD00001906.pdf/files/CD00001906.pdf/jcr:content/translations/en.CD00001906.pdf</datasheet>
      <fields>
        <field name="Mouser part number">511-ESDA6V1BC6</field>
      </fields>
      <libsource lib="Power_Protection" part="ESDA6V1BC6" description="Quad bidirectional transil, Suppressor for ESD protection, 5V Standoff, 4 Channels, SOT-23-6"/>
      <property name="Mouser part number" value="511-ESDA6V1BC6"/>
      <property name="Sheetname" value=""/>
      <property name="Sheetfile" value="sandbox.kicad_sch"/>
      <sheetpath names="/" tstamps="/"/>
      <tstamps>b2b125e4-1163-454b-af68-5349519118eb</tstamps>
    </comp>
    <comp ref="H1">
      <value>MountingHole</value>
      <footprint>MountingHole:MountingHole_3mm</footprint>
      <libsource lib="Mechanical" part="MountingHole" description="Mounting Hole without connection"/>
      <property name="Sheetname" value=""/>
      <property name="Sheetfile" value="sandbox.kicad_sch"/>
      <sheetpath names="/" tstamps="/"/>
      <tstamps>77f759cd-109d-47e8-ab4e-0867d689dda4</tstamps>
    </comp>
    <comp ref="H2">
      <value>MountingHole</value>
      <footprint>MountingHole:MountingHole_3mm</footprint>
      <libsource lib="Mechanical" part="MountingHole" description="Mounting Hole without connection"/>
      <property name="Sheetname" value=""/>
      <property name="Sheetfile" value="sandbox.kicad_sch"/>
      <sheetpath names="/" tstamps="/"/>
      <tstamps>8a5f9888-0cff-4cd2-b1c7-f0544f19fed8</tstamps>
    </comp>
    <comp ref="H3">
      <value>MountingHole</value>
      <footprint>MountingHole:MountingHole_3mm</footprint>
      <libsource lib="Mechanical" part="MountingHole" description="Mounting Hole without connection"/>
      <property name="Sheetname" value=""/>
      <property name="Sheetfile" value="sandbox.kicad_sch"/>
      <sheetpath names="/" tstamps="/"/>
      <tstamps>cafa5618-8952-4ed8-b5be-ab7f138ee579</tstamps>
    </comp>
    <comp ref="H4">
      <value>MountingHole</value>
      <footprint>MountingHole:MountingHole_3mm</footprint>
      <libsource lib="Mechanical" part="MountingHole" description="Mounting Hole without connection"/>
      <property name="Sheetname" value=""/>
      <property name="Sheetfile" value="sandbox.kicad_sch"/>
      <sheetpath names="/" tstamps="/"/>
      <tstamps>b977aec2-193d-4845-b1d5-d08b6ddc5f6a</tstamps>
    </comp>
    <comp ref="IC1">
      <value>MAX86916EFD+</value>
      <footprint>MAX86916EFD</footprint>
      <datasheet>https://pdfserv.maximintegrated.com/en/ds/MAX86916.pdf</datasheet>
      <fields>
        <field name="Description">MAXIM INTEGRATED PRODUCTS - MAX86916EFD+ - OPTICAL SENSOR MODULE, -40 TO 85DEG C</field>
        <field name="Height">1.6</field>
        <field name="Manufacturer_Name">Maxim Integrated</field>
        <field name="Manufacturer_Part_Number">MAX86916EFD+</field>
        <field name="Mouser Part Number">700-MAX86916EFD+</field>
        <field name="Mouser Price/Stock">https://www.mouser.co.uk/ProductDetail/Maxim-Integrated/MAX86916EFD%2b?qs=OlC7AqGiEDlL8YtgqcXdTA%3D%3D</field>
      </fields>
      <libsource lib="SamacSys_Parts" part="MAX86916EFD+" description="MAXIM INTEGRATED PRODUCTS - MAX86916EFD+ - OPTICAL SENSOR MODULE, -40 TO 85DEG C"/>
      <property name="Description" value="MAXIM INTEGRATED PRODUCTS - MAX86916EFD+ - OPTICAL SENSOR MODULE, -40 TO 85DEG C"/>
      <property name="Height" value="1.6"/>
      <property name="Manufacturer_Name" value="Maxim Integrated"/>
      <property name="Manufacturer_Part_Number" value="MAX86916EFD+"/>
      <property name="Mouser Part Number" value="700-MAX86916EFD+"/>
      <property name="Mouser Price/Stock" value="https://www.mouser.co.uk/ProductDetail/Maxim-Integrated/MAX86916EFD%2b?qs=OlC7AqGiEDlL8YtgqcXdTA%3D%3D"/>
      <property name="Arrow Part Number" value=""/>
      <property name="Arrow Price/Stock" value=""/>
      <property name="Sheetname" value=""/>
      <property name="Sheetfile" value="sandbox.kicad_sch"/>
      <sheetpath names="/" tstamps="/"/>
      <tstamps>87371631-aa02-498a-998a-09bdb74784c1</tstamps>
    </comp>
    <comp ref="IC2">
      <value>STM32G431KBT6</value>
      <footprint>QFP80P900X900X160-32N</footprint>
      <datasheet>https://www.st.com/resource/en/datasheet/stm32g431kb.pdf</datasheet>
      <fields>
        <field name="Description">ARM Microcontrollers - MCU Mainstream Arm Cortex-M4+ MCU 170MHz with 128Kbytes of Flash memory, Math Accelerator, Medium Analog level integration</field>
        <field name="Height">1.6</field>
        <field name="Manufacturer_Name">STMicroelectronics</field>
        <field name="Manufacturer_Part_Number">STM32G431KBT6</field>
        <field name="Mouser Part Number">511-STM32G431KBT6</field>
        <field name="Mouser Price/Stock">https://www.mouser.co.uk/ProductDetail/STMicroelectronics/STM32G431KBT6?qs=T3oQrply3y8teCTeNAFOLg%3D%3D</field>
      </fields>
      <libsource lib="SamacSys_Parts" part="STM32G431KBT6" description=""/>
      <property name="Description" value="ARM Microcontrollers - MCU Mainstream Arm Cortex-M4+ MCU 170MHz with 128Kbytes of Flash memory, Math Accelerator, Medium Analog level integration"/>
      <property name="Height" value="1.6"/>
      <property name="Mouser Part Number" value="511-STM32G431KBT6"/>
      <property name="Mouser Price/Stock" value="https://www.mouser.co.uk/ProductDetail/STMicroelectronics/STM32G431KBT6?qs=T3oQrply3y8teCTeNAFOLg%3D%3D"/>
      <property name="Manufacturer_Name" value="STMicroelectronics"/>
      <property name="Manufacturer_Part_Number" value="STM32G431KBT6"/>
      <property name="Sheetname" value=""/>
      <property name="Sheetfile" value="sandbox.kicad_sch"/>
      <sheetpath names="/" tstamps="/"/>
      <tstamps>e080946b-11f2-49f7-a907-a5898cf531fe</tstamps>
    </comp>
    <comp ref="IC3">
      <value>NCP163ASN300T1G</value>
      <footprint>SOT95P280X145-5N</footprint>
      <datasheet>https://componentsearchengine.com/Datasheets/1/NCP163ASN180T1G.pdf</datasheet>
      <fields>
        <field name="Description">LDO Voltage Regulators LDO Reg, Ultra-Low Noise High PSRR 1.8V</field>
        <field name="Height">1.45</field>
        <field name="Manufacturer_Name">ON Semiconductor</field>
        <field name="Manufacturer_Part_Number">NCP163ASN180T1G</field>
        <field name="Mouser Part Number">863-NCP163ASN180T1G</field>
        <field name="Mouser Price/Stock">https://www.mouser.co.uk/ProductDetail/ON-Semiconductor/NCP163ASN180T1G?qs=vLWxofP3U2z0o2tJM%252BNAYw%3D%3D</field>
      </fields>
      <libsource lib="SamacSys_Parts" part="NCP163ASN180T1G" description="LDO Voltage Regulators LDO Reg, Ultra-Low Noise High PSRR 1.8V"/>
      <property name="Description" value="LDO Voltage Regulators LDO Reg, Ultra-Low Noise High PSRR 1.8V"/>
      <property name="Height" value="1.45"/>
      <property name="Mouser Part Number" value="863-NCP163ASN180T1G"/>
      <property name="Mouser Price/Stock" value="https://www.mouser.co.uk/ProductDetail/ON-Semiconductor/NCP163ASN180T1G?qs=vLWxofP3U2z0o2tJM%252BNAYw%3D%3D"/>
      <property name="Manufacturer_Name" value="ON Semiconductor"/>
      <property name="Manufacturer_Part_Number" value="NCP163ASN180T1G"/>
      <property name="Sheetname" value=""/>
      <property name="Sheetfile" value="sandbox.kicad_sch"/>
      <sheetpath names="/" tstamps="/"/>
      <tstamps>0b1a7add-e007-4087-bb1e-e34f9878e9c2</tstamps>
    </comp>
    <comp ref="IC4">
      <value>NCP163ASN180T1G</value>
      <footprint>SOT95P280X145-5N</footprint>
      <datasheet>https://componentsearchengine.com/Datasheets/1/NCP163ASN180T1G.pdf</datasheet>
      <fields>
        <field name="Description">LDO Voltage Regulators LDO Reg, Ultra-Low Noise High PSRR 1.8V</field>
        <field name="Height">1.45</field>
        <field name="Manufacturer_Name">ON Semiconductor</field>
        <field name="Manufacturer_Part_Number">NCP163ASN180T1G</field>
        <field name="Mouser Part Number">863-NCP163ASN180T1G</field>
        <field name="Mouser Price/Stock">https://www.mouser.co.uk/ProductDetail/ON-Semiconductor/NCP163ASN180T1G?qs=vLWxofP3U2z0o2tJM%252BNAYw%3D%3D</field>
      </fields>
      <libsource lib="SamacSys_Parts" part="NCP163ASN180T1G" description="LDO Voltage Regulators LDO Reg, Ultra-Low Noise High PSRR 1.8V"/>
      <property name="Description" value="LDO Voltage Regulators LDO Reg, Ultra-Low Noise High PSRR 1.8V"/>
      <property name="Height" value="1.45"/>
      <property name="Mouser Part Number" value="863-NCP163ASN180T1G"/>
      <property name="Mouser Price/Stock" value="https://www.mouser.co.uk/ProductDetail/ON-Semiconductor/NCP163ASN180T1G?qs=vLWxofP3U2z0o2tJM%252BNAYw%3D%3D"/>
      <property name="Manufacturer_Name" value="ON Semiconductor"/>
      <property name="Manufacturer_Part_Number" value="NCP163ASN180T1G"/>
      <property name="Sheetname" value=""/>
      <property name="Sheetfile" value="sandbox.kicad_sch"/>
      <sheetpath names="/" tstamps="/"/>
      <tstamps>e487638e-928b-42e4-8837-47d6f1b0162f</tstamps>
    </comp>
    <comp ref="J1">
      <value>Conn_01x04_Male</value>
      <footprint>Connector_PinHeader_2.54mm:PinHeader_1x04_P2.54mm_Vertical</footprint>
      <libsource lib="Connector" part="Conn_01x04_Male" description="Generic connector, single row, 01x04, script generated (kicad-library-utils/schlib/autogen/connector/)"/>
      <property name="Sheetname" value=""/>
      <property name="Sheetfile" value="sandbox.kicad_sch"/>
      <sheetpath names="/" tstamps="/"/>
      <tstamps>c3376e67-1d85-4d0d-a7bc-cd1055ef0a87</tstamps>
    </comp>
    <comp ref="J2">
      <value>Conn_01x04_Male</value>
      <footprint>Connector_PinHeader_2.54mm:PinHeader_1x04_P2.54mm_Vertical</footprint>
      <libsource lib="Connector" part="Conn_01x04_Male" description="Generic connector, single row, 01x04, script generated (kicad-library-utils/schlib/autogen/connector/)"/>
      <property name="Sheetname" value=""/>
      <property name="Sheetfile" value="sandbox.kicad_sch"/>
      <sheetpath names="/" tstamps="/"/>
      <tstamps>d950ac13-7025-4ce9-b5ca-cfe4713f3b5f</tstamps>
    </comp>
    <comp ref="J3">
      <value>Conn_01x06_Male</value>
      <footprint>Connector_PinHeader_2.54mm:PinHeader_1x06_P2.54mm_Vertical</footprint>
      <libsource lib="Connector" part="Conn_01x06_Male" description="Generic connector, single row, 01x06, script generated (kicad-library-utils/schlib/autogen/connector/)"/>
      <property name="Sheetname" value=""/>
      <property name="Sheetfile" value="sandbox.kicad_sch"/>
      <sheetpath names="/" tstamps="/"/>
      <tstamps>7921dd4b-e48a-4219-a0c3-6f5f12300692</tstamps>
    </comp>
    <comp ref="J4">
      <value>Conn_01x05_Male</value>
      <footprint>Connector_PinHeader_2.54mm:PinHeader_1x05_P2.54mm_Vertical</footprint>
      <libsource lib="Connector" part="Conn_01x05_Male" description="Generic connector, single row, 01x05, script generated (kicad-library-utils/schlib/autogen/connector/)"/>
      <property name="Sheetname" value=""/>
      <property name="Sheetfile" value="sandbox.kicad_sch"/>
      <sheetpath names="/" tstamps="/"/>
      <tstamps>a88ee587-1b52-414f-a9aa-dc9d3adc64f0</tstamps>
    </comp>
    <comp ref="J5">
      <value>Conn_01x03_Male</value>
      <footprint>Connector_PinHeader_2.54mm:PinHeader_1x03_P2.54mm_Vertical</footprint>
      <libsource lib="Connector" part="Conn_01x03_Male" description="Generic connector, single row, 01x03, script generated (kicad-library-utils/schlib/autogen/connector/)"/>
      <property name="Sheetname" value=""/>
      <property name="Sheetfile" value="sandbox.kicad_sch"/>
      <sheetpath names="/" tstamps="/"/>
      <tstamps>fca88466-9c0a-4071-aca2-6efe14500ca4</tstamps>
    </comp>
    <comp ref="J6">
      <value>USB_B_Micro</value>
      <footprint>Connector_USB:USB_Micro-B_Amphenol_10103594-0001LF_Horizontal</footprint>
      <fields>
        <field name="mouser part number">649-10103594-0001LF</field>
      </fields>
      <libsource lib="Connector" part="USB_B_Micro" description="USB Micro Type B connector"/>
      <property name="mouser part number" value="649-10103594-0001LF"/>
      <property name="Sheetname" value=""/>
      <property name="Sheetfile" value="sandbox.kicad_sch"/>
      <sheetpath names="/" tstamps="/"/>
      <tstamps>61c79d74-3864-40c4-aaea-978e51b41411</tstamps>
    </comp>
    <comp ref="R1">
      <value>100</value>
      <footprint>Resistor_SMD:R_0805_2012Metric</footprint>
      <libsource lib="Device" part="R" description="Resistor"/>
      <property name="Sheetname" value=""/>
      <property name="Sheetfile" value="sandbox.kicad_sch"/>
      <sheetpath names="/" tstamps="/"/>
      <tstamps>e526f61b-e3b2-4d3e-9288-0bfaf281b2d3</tstamps>
    </comp>
    <comp ref="R2">
      <value>10K</value>
      <footprint>Resistor_SMD:R_0805_2012Metric</footprint>
      <libsource lib="Device" part="R" description="Resistor"/>
      <property name="Sheetname" value=""/>
      <property name="Sheetfile" value="sandbox.kicad_sch"/>
      <sheetpath names="/" tstamps="/"/>
      <tstamps>f40e04c5-7cc0-4a73-b191-6530e9b8aecf</tstamps>
    </comp>
    <comp ref="R3">
      <value>10K</value>
      <footprint>Resistor_SMD:R_0805_2012Metric</footprint>
      <libsource lib="Device" part="R" description="Resistor"/>
      <property name="Sheetname" value=""/>
      <property name="Sheetfile" value="sandbox.kicad_sch"/>
      <sheetpath names="/" tstamps="/"/>
      <tstamps>1f413963-eba9-44f6-90ab-09791b6750ac</tstamps>
    </comp>
    <comp ref="R4">
      <value>10K</value>
      <footprint>Resistor_SMD:R_0805_2012Metric</footprint>
      <libsource lib="Device" part="R" description="Resistor"/>
      <property name="Sheetname" value=""/>
      <property name="Sheetfile" value="sandbox.kicad_sch"/>
      <sheetpath names="/" tstamps="/"/>
      <tstamps>6cd22ff3-aa24-47c2-9780-3a1881cf6c97</tstamps>
    </comp>
    <comp ref="R5">
      <value>10K</value>
      <footprint>Resistor_SMD:R_0805_2012Metric</footprint>
      <libsource lib="Device" part="R" description="Resistor"/>
      <property name="Sheetname" value=""/>
      <property name="Sheetfile" value="sandbox.kicad_sch"/>
      <sheetpath names="/" tstamps="/"/>
      <tstamps>38b89fc2-54b5-44d2-8935-7c5b8f27a399</tstamps>
    </comp>
    <comp ref="R6">
      <value>2K</value>
      <footprint>Resistor_SMD:R_0805_2012Metric</footprint>
      <libsource lib="Device" part="R" description="Resistor"/>
      <property name="Sheetname" value=""/>
      <property name="Sheetfile" value="sandbox.kicad_sch"/>
      <sheetpath names="/" tstamps="/"/>
      <tstamps>a9a2b3e8-84a3-4f9b-8eae-20a059788dd7</tstamps>
    </comp>
    <comp ref="R7">
      <value>1M</value>
      <footprint>Resistor_SMD:R_0805_2012Metric</footprint>
      <libsource lib="Device" part="R" description="Resistor"/>
      <property name="Sheetname" value=""/>
      <property name="Sheetfile" value="sandbox.kicad_sch"/>
      <sheetpath names="/" tstamps="/"/>
      <tstamps>9a5030b6-d480-4bf5-ac23-303c33285de9</tstamps>
    </comp>
    <comp ref="Y1">
      <value>FL0800008Q</value>
      <footprint>Crystal:Crystal_SMD_3225-4Pin_3.2x2.5mm</footprint>
      <fields>
        <field name="Mouser part number">729-FL0800008Q</field>
      </fields>
      <libsource lib="Device" part="Crystal_GND24" description="Four pin crystal, GND on pins 2 and 4"/>
      <property name="Mouser part number" value="729-FL0800008Q"/>
      <property name="Sheetname" value=""/>
      <property name="Sheetfile" value="sandbox.kicad_sch"/>
      <sheetpath names="/" tstamps="/"/>
      <tstamps>9027e5e5-efe5-439c-b160-8e37b2e17ed3</tstamps>
    </comp>
  </components>
  <libparts>
    <libpart lib="Connector" part="Conn_01x03_Male">
      <description>Generic connector, single row, 01x03, script generated (kicad-library-utils/schlib/autogen/connector/)</description>
      <docs>~</docs>
      <footprints>
        <fp>Connector*:*_1x??_*</fp>
      </footprints>
      <fields>
        <field name="Reference">J</field>
        <field name="Value">Conn_01x03_Male</field>
        <field name="Datasheet">~</field>
      </fields>
      <pins>
        <pin num="1" name="Pin_1" type="passive"/>
        <pin num="2" name="Pin_2" type="passive"/>
        <pin num="3" name="Pin_3" type="passive"/>
      </pins>
    </libpart>
    <libpart lib="Connector" part="Conn_01x04_Male">
      <description>Generic connector, single row, 01x04, script generated (kicad-library-utils/schlib/autogen/connector/)</description>
      <docs>~</docs>
      <footprints>
        <fp>Connector*:*_1x??_*</fp>
      </footprints>
      <fields>
        <field name="Reference">J</field>
        <field name="Value">Conn_01x04_Male</field>
        <field name="Datasheet">~</field>
      </fields>
      <pins>
        <pin num="1" name="Pin_1" type="passive"/>
        <pin num="2" name="Pin_2" type="passive"/>
        <pin num="3" name="Pin_3" type="passive"/>
        <pin num="4" name="Pin_4" type="passive"/>
      </pins>
    </libpart>
    <libpart lib="Connector" part="Conn_01x05_Male">
      <description>Generic connector, single row, 01x05, script generated (kicad-library-utils/schlib/autogen/connector/)</description>
      <docs>~</docs>
      <footprints>
        <fp>Connector*:*_1x??_*</fp>
      </footprints>
      <fields>
        <field name="Reference">J</field>
        <field name="Value">Conn_01x05_Male</field>
        <field name="Datasheet">~</field>
      </fields>
      <pins>
        <pin num="1" name="Pin_1" type="passive"/>
        <pin num="2" name="Pin_2" type="passive"/>
        <pin num="3" name="Pin_3" type="passive"/>
        <pin num="4" name="Pin_4" type="passive"/>
        <pin num="5" name="Pin_5" type="passive"/>
      </pins>
    </libpart>
    <libpart lib="Connector" part="Conn_01x06_Male">
      <description>Generic connector, single row, 01x06, script generated (kicad-library-utils/schlib/autogen/connector/)</description>
      <docs>~</docs>
      <footprints>
        <fp>Connector*:*_1x??_*</fp>
      </footprints>
      <fields>
        <field name="Reference">J</field>
        <field name="Value">Conn_01x06_Male</field>
        <field name="Datasheet">~</field>
      </fields>
      <pins>
        <pin num="1" name="Pin_1" type="passive"/>
        <pin num="2" name="Pin_2" type="passive"/>
        <pin num="3" name="Pin_3" type="passive"/>
        <pin num="4" name="Pin_4" type="passive"/>
        <pin num="5" name="Pin_5" type="passive"/>
        <pin num="6" name="Pin_6" type="passive"/>
      </pins>
    </libpart>
    <libpart lib="Connector" part="USB_B_Micro">
      <description>USB Micro Type B connector</description>
      <docs>~</docs>
      <footprints>
        <fp>USB*</fp>
      </footprints>
      <fields>
        <field name="Reference">J</field>
        <field name="Value">USB_B_Micro</field>
        <field name="Datasheet">~</field>
      </fields>
      <pins>
        <pin num="1" name="VBUS" type="power_out"/>
        <pin num="2" name="D-" type="bidirectional"/>
        <pin num="3" name="D+" type="bidirectional"/>
        <pin num="4" name="ID" type="passive"/>
        <pin num="5" name="GND" type="power_out"/>
        <pin num="6" name="Shield" type="passive"/>
      </pins>
    </libpart>
    <libpart lib="Device" part="C">
      <description>Unpolarized capacitor</description>
      <docs>~</docs>
      <footprints>
        <fp>C_*</fp>
      </footprints>
      <fields>
        <field name="Reference">C</field>
        <field name="Value">C</field>
        <field name="Datasheet">~</field>
      </fields>
      <pins>
        <pin num="1" name="" type="passive"/>
        <pin num="2" name="" type="passive"/>
      </pins>
    </libpart>
    <libpart lib="Device" part="Crystal_GND24">
      <description>Four pin crystal, GND on pins 2 and 4</description>
      <docs>~</docs>
      <footprints>
        <fp>Crystal*</fp>
      </footprints>
      <fields>
        <field name="Reference">Y</field>
        <field name="Value">Crystal_GND24</field>
        <field name="Datasheet">~</field>
      </fields>
      <pins>
        <pin num="1" name="1" type="passive"/>
        <pin num="2" name="2" type="passive"/>
        <pin num="3" name="3" type="passive"/>
        <pin num="4" name="4" type="passive"/>
      </pins>
    </libpart>
    <libpart lib="Device" part="R">
      <description>Resistor</description>
      <docs>~</docs>
      <footprints>
        <fp>R_*</fp>
      </footprints>
      <fields>
        <field name="Reference">R</field>
        <field name="Value">R</field>
        <field name="Datasheet">~</field>
      </fields>
      <pins>
        <pin num="1" name="" type="passive"/>
        <pin num="2" name="" type="passive"/>
      </pins>
    </libpart>
    <libpart lib="Mechanical" part="MountingHole">
      <description>Mounting Hole without connection</description>
      <docs>~</docs>
      <footprints>
        <fp>MountingHole*</fp>
      </footprints>
      <fields>
        <field name="Reference">H</field>
        <field name="Value">MountingHole</field>
        <field name="Datasheet">~</field>
      </fields>
    </libpart>
    <libpart lib="Power_Protection" part="ESDA6V1BC6">
      <description>Quad bidirectional transil, Suppressor for ESD protection, 5V Standoff, 4 Channels, SOT-23-6</description>
      <docs>http://www.st.com/content/ccc/resource/technical/document/datasheet/21/07/21/e3/a8/df/42/a2/CD00001906.pdf/files/CD00001906.pdf/jcr:content/translations/en.CD00001906.pdf</docs>
      <footprints>
        <fp>SOT?23*</fp>
      </footprints>
      <fields>
        <field name="Reference">D</field>
        <field name="Value">ESDA6V1BC6</field>
        <field name="Footprint">Package_TO_SOT_SMD:SOT-23-6</field>
        <field name="Datasheet">http://www.st.com/content/ccc/resource/technical/document/datasheet/21/07/21/e3/a8/df/42/a2/CD00001906.pdf/files/CD00001906.pdf/jcr:content/translations/en.CD00001906.pdf</field>
      </fields>
      <pins>
        <pin num="1" name="TVS1" type="passive"/>
        <pin num="2" name="COM" type="passive"/>
        <pin num="3" name="TVS2" type="passive"/>
        <pin num="4" name="TVS3" type="passive"/>
        <pin num="5" name="COM" type="passive"/>
        <pin num="6" name="TVS4" type="passive"/>
      </pins>
    </libpart>
    <libpart lib="SamacSys_Parts" part="MAX86916EFD+">
      <description>MAXIM INTEGRATED PRODUCTS - MAX86916EFD+ - OPTICAL SENSOR MODULE, -40 TO 85DEG C</description>
      <docs>https://pdfserv.maximintegrated.com/en/ds/MAX86916.pdf</docs>
      <fields>
        <field name="Reference">IC</field>
        <field name="Value">MAX86916EFD+</field>
        <field name="Footprint">MAX86916EFD</field>
        <field name="Datasheet">https://pdfserv.maximintegrated.com/en/ds/MAX86916.pdf</field>
        <field name="Description">MAXIM INTEGRATED PRODUCTS - MAX86916EFD+ - OPTICAL SENSOR MODULE, -40 TO 85DEG C</field>
        <field name="Height">1.6</field>
        <field name="Manufacturer_Name">Maxim Integrated</field>
        <field name="Manufacturer_Part_Number">MAX86916EFD+</field>
        <field name="Mouser Part Number">700-MAX86916EFD+</field>
        <field name="Mouser Price/Stock">https://www.mouser.co.uk/ProductDetail/Maxim-Integrated/MAX86916EFD%2b?qs=OlC7AqGiEDlL8YtgqcXdTA%3D%3D</field>
      </fields>
      <pins>
        <pin num="1" name="N.C._1" type="passive"/>
        <pin num="2" name="VLED_1" type="passive"/>
        <pin num="3" name="PGND" type="passive"/>
        <pin num="4" name="VLED_2" type="passive"/>
        <pin num="5" name="GND" type="passive"/>
        <pin num="6" name="VDD" type="passive"/>
        <pin num="7" name="N.C._2" type="passive"/>
        <pin num="8" name="VREF" type="passive"/>
        <pin num="9" name="SCL" type="passive"/>
        <pin num="10" name="SDA" type="passive"/>
        <pin num="11" name="INTB" type="passive"/>
        <pin num="12" name="N.C._3" type="passive"/>
        <pin num="13" name="N.C._4" type="passive"/>
        <pin num="14" name="N.C._5" type="passive"/>
      </pins>
    </libpart>
    <libpart lib="SamacSys_Parts" part="NCP163ASN180T1G">
      <description>LDO Voltage Regulators LDO Reg, Ultra-Low Noise High PSRR 1.8V</description>
      <docs>https://componentsearchengine.com/Datasheets/1/NCP163ASN180T1G.pdf</docs>
      <fields>
        <field name="Reference">IC</field>
        <field name="Value">NCP163ASN180T1G</field>
        <field name="Footprint">SOT95P280X145-5N</field>
        <field name="Datasheet">https://componentsearchengine.com/Datasheets/1/NCP163ASN180T1G.pdf</field>
        <field name="Description">LDO Voltage Regulators LDO Reg, Ultra-Low Noise High PSRR 1.8V</field>
        <field name="Height">1.45</field>
        <field name="Mouser Part Number">863-NCP163ASN180T1G</field>
        <field name="Mouser Price/Stock">https://www.mouser.co.uk/ProductDetail/ON-Semiconductor/NCP163ASN180T1G?qs=vLWxofP3U2z0o2tJM%252BNAYw%3D%3D</field>
        <field name="Manufacturer_Name">ON Semiconductor</field>
        <field name="Manufacturer_Part_Number">NCP163ASN180T1G</field>
      </fields>
      <pins>
        <pin num="1" name="IN" type="passive"/>
        <pin num="2" name="GND" type="passive"/>
        <pin num="3" name="EN" type="passive"/>
        <pin num="4" name="NC" type="no_connect"/>
        <pin num="5" name="OUT" type="passive"/>
      </pins>
    </libpart>
    <libpart lib="SamacSys_Parts" part="STM32G431KBT6">
      <docs>https://www.st.com/resource/en/datasheet/stm32g431kb.pdf</docs>
      <fields>
        <field name="Reference">IC</field>
        <field name="Value">STM32G431KBT6</field>
        <field name="Footprint">QFP80P900X900X160-32N</field>
        <field name="Datasheet">https://www.st.com/resource/en/datasheet/stm32g431kb.pdf</field>
        <field name="Description">ARM Microcontrollers - MCU Mainstream Arm Cortex-M4+ MCU 170MHz with 128Kbytes of Flash memory, Math Accelerator, Medium Analog level integration</field>
        <field name="Height">1.6</field>
        <field name="Mouser Part Number">511-STM32G431KBT6</field>
        <field name="Mouser Price/Stock">https://www.mouser.co.uk/ProductDetail/STMicroelectronics/STM32G431KBT6?qs=T3oQrply3y8teCTeNAFOLg%3D%3D</field>
        <field name="Manufacturer_Name">STMicroelectronics</field>
        <field name="Manufacturer_Part_Number">STM32G431KBT6</field>
      </fields>
      <pins>
        <pin num="1" name="VDD_1" type="passive"/>
        <pin num="2" name="PF0-OSC_IN" type="passive"/>
        <pin num="3" name="PF1-OSC_OUT" type="passive"/>
        <pin num="4" name="PG10-NRST" type="passive"/>
        <pin num="5" name="PA0" type="passive"/>
        <pin num="6" name="PA1" type="passive"/>
        <pin num="7" name="PA2" type="passive"/>
        <pin num="8" name="PA3" type="passive"/>
        <pin num="9" name="PA4" type="passive"/>
        <pin num="10" name="PA5" type="passive"/>
        <pin num="11" name="PA6" type="passive"/>
        <pin num="12" name="PA7" type="passive"/>
        <pin num="13" name="PB0" type="passive"/>
        <pin num="14" name="VSSA" type="passive"/>
        <pin num="15" name="VDDA" type="passive"/>
        <pin num="16" name="VSS_1" type="passive"/>
        <pin num="17" name="VDD_2" type="passive"/>
        <pin num="18" name="PA8" type="passive"/>
        <pin num="19" name="PA9" type="passive"/>
        <pin num="20" name="PA10" type="passive"/>
        <pin num="21" name="PA11" type="passive"/>
        <pin num="22" name="PA12" type="passive"/>
        <pin num="23" name="PA13" type="passive"/>
        <pin num="24" name="PA14" type="passive"/>
        <pin num="25" name="PA15" type="passive"/>
        <pin num="26" name="PB3" type="passive"/>
        <pin num="27" name="PB4" type="passive"/>
        <pin num="28" name="PB5" type="passive"/>
        <pin num="29" name="PB6" type="passive"/>
        <pin num="30" name="PB7" type="passive"/>
        <pin num="31" name="PB8-BOOT0" type="passive"/>
        <pin num="32" name="VSS_2" type="passive"/>
      </pins>
    </libpart>
  </libparts>
  <libraries>
    <library logical="Connector">
      <uri>C:\Program Files\KiCad\6.0\share\kicad\symbols\/Connector.kicad_sym</uri>
    </library>
    <library logical="Device">
      <uri>C:\Program Files\KiCad\6.0\share\kicad\symbols\/Device.kicad_sym</uri>
    </library>
    <library logical="Mechanical">
      <uri>C:\Program Files\KiCad\6.0\share\kicad\symbols\/Mechanical.kicad_sym</uri>
    </library>
    <library logical="Power_Protection">
      <uri>C:\Program Files\KiCad\6.0\share\kicad\symbols\/Power_Protection.kicad_sym</uri>
    </library>
    <library logical="SamacSys_Parts">
      <uri>C:/Users/Steve.Mealy/Documents/KiCad/library_loader/SamacSys_Parts.lib</uri>
    </library>
  </libraries>
  <nets>
    <net code="1" name="+1V8">
      <node ref="C9" pin="1" pintype="passive"/>
      <node ref="IC1" pin="6" pinfunction="VDD" pintype="passive"/>
      <node ref="IC4" pin="5" pinfunction="OUT" pintype="passive"/>
    </net>
    <net code="2" name="+3V0">
      <node ref="C3" pin="1" pintype="passive"/>
      <node ref="C4" pin="1" pintype="passive"/>
      <node ref="C5" pin="1" pintype="passive"/>
      <node ref="C8" pin="1" pintype="passive"/>
      <node ref="IC2" pin="1" pinfunction="VDD_1" pintype="passive"/>
      <node ref="IC2" pin="15" pinfunction="VDDA" pintype="passive"/>
      <node ref="IC2" pin="17" pinfunction="VDD_2" pintype="passive"/>
      <node ref="IC3" pin="5" pinfunction="OUT" pintype="passive"/>
      <node ref="R2" pin="2" pintype="passive"/>
      <node ref="R3" pin="2" pintype="passive"/>
      <node ref="R4" pin="2" pintype="passive"/>
    </net>
    <net code="3" name="+5V">
      <node ref="C1" pin="1" pintype="passive"/>
      <node ref="C10" pin="1" pintype="passive"/>
      <node ref="C11" pin="1" pintype="passive"/>
      <node ref="D1" pin="4" pinfunction="TVS3" pintype="passive"/>
      <node ref="IC1" pin="2" pinfunction="VLED_1" pintype="passive"/>
      <node ref="IC1" pin="4" pinfunction="VLED_2" pintype="passive"/>
      <node ref="IC3" pin="1" pinfunction="IN" pintype="passive"/>
      <node ref="IC3" pin="3" pinfunction="EN" pintype="passive"/>
      <node ref="IC4" pin="1" pinfunction="IN" pintype="passive"/>
      <node ref="IC4" pin="3" pinfunction="EN" pintype="passive"/>
      <node ref="J6" pin="1" pinfunction="VBUS" pintype="power_out"/>
    </net>
    <net code="4" name="GND">
      <node ref="C1" pin="2" pintype="passive"/>
      <node ref="C10" pin="2" pintype="passive"/>
      <node ref="C11" pin="2" pintype="passive"/>
      <node ref="C12" pin="2" pintype="passive"/>
      <node ref="C2" pin="1" pintype="passive"/>
      <node ref="C3" pin="2" pintype="passive"/>
      <node ref="C4" pin="2" pintype="passive"/>
      <node ref="C5" pin="2" pintype="passive"/>
      <node ref="C6" pin="2" pintype="passive"/>
      <node ref="C7" pin="1" pintype="passive"/>
      <node ref="C8" pin="2" pintype="passive"/>
      <node ref="C9" pin="2" pintype="passive"/>
      <node ref="D1" pin="2" pinfunction="COM" pintype="passive"/>
      <node ref="D1" pin="5" pinfunction="COM" pintype="passive"/>
      <node ref="IC1" pin="3" pinfunction="PGND" pintype="passive"/>
      <node ref="IC1" pin="5" pinfunction="GND" pintype="passive"/>
      <node ref="IC2" pin="14" pinfunction="VSSA" pintype="passive"/>
      <node ref="IC2" pin="16" pinfunction="VSS_1" pintype="passive"/>
      <node ref="IC2" pin="32" pinfunction="VSS_2" pintype="passive"/>
      <node ref="IC3" pin="2" pinfunction="GND" pintype="passive"/>
      <node ref="IC4" pin="2" pinfunction="GND" pintype="passive"/>
      <node ref="J1" pin="4" pinfunction="Pin_4" pintype="passive"/>
      <node ref="J6" pin="5" pinfunction="GND" pintype="power_out"/>
      <node ref="R5" pin="2" pintype="passive"/>
      <node ref="R7" pin="2" pintype="passive"/>
    </net>
    <net code="5" name="INTB">
      <node ref="IC1" pin="11" pinfunction="INTB" pintype="passive"/>
      <node ref="IC2" pin="20" pinfunction="PA10" pintype="passive"/>
      <node ref="J5" pin="3" pinfunction="Pin_3" pintype="passive"/>
      <node ref="R2" pin="1" pintype="passive"/>
    </net>
    <net code="6" name="NRST">
      <node ref="IC2" pin="4" pinfunction="PG10-NRST" pintype="passive"/>
      <node ref="R1" pin="1" pintype="passive"/>
    </net>
    <net code="7" name="Net-(C2-Pad2)">
      <node ref="C2" pin="2" pintype="passive"/>
      <node ref="IC1" pin="8" pinfunction="VREF" pintype="passive"/>
    </net>
    <net code="8" name="Net-(C6-Pad1)">
      <node ref="C6" pin="1" pintype="passive"/>
      <node ref="R6" pin="1" pintype="passive"/>
      <node ref="Y1" pin="1" pinfunction="1" pintype="passive"/>
    </net>
    <net code="9" name="Net-(C12-Pad1)">
      <node ref="C12" pin="1" pintype="passive"/>
      <node ref="J6" pin="6" pinfunction="Shield" pintype="passive"/>
      <node ref="R7" pin="1" pintype="passive"/>
    </net>
    <net code="10" name="Net-(IC2-Pad31)">
      <node ref="IC2" pin="31" pinfunction="PB8-BOOT0" pintype="passive"/>
      <node ref="R5" pin="1" pintype="passive"/>
    </net>
    <net code="11" name="Net-(J1-Pad3)">
      <node ref="J1" pin="3" pinfunction="Pin_3" pintype="passive"/>
      <node ref="R1" pin="2" pintype="passive"/>
    </net>
    <net code="12" name="OSC0">
      <node ref="C7" pin="2" pintype="passive"/>
      <node ref="IC2" pin="2" pinfunction="PF0-OSC_IN" pintype="passive"/>
      <node ref="Y1" pin="3" pinfunction="3" pintype="passive"/>
    </net>
    <net code="13" name="OSC1">
      <node ref="IC2" pin="3" pinfunction="PF1-OSC_OUT" pintype="passive"/>
      <node ref="R6" pin="2" pintype="passive"/>
    </net>
    <net code="14" name="PA0">
      <node ref="IC2" pin="5" pinfunction="PA0" pintype="passive"/>
      <node ref="J2" pin="1" pinfunction="Pin_1" pintype="passive"/>
    </net>
    <net code="15" name="PA1">
      <node ref="IC2" pin="6" pinfunction="PA1" pintype="passive"/>
      <node ref="J2" pin="2" pinfunction="Pin_2" pintype="passive"/>
    </net>
    <net code="16" name="PA2">
      <node ref="IC2" pin="7" pinfunction="PA2" pintype="passive"/>
      <node ref="J2" pin="3" pinfunction="Pin_3" pintype="passive"/>
    </net>
    <net code="17" name="PA3">
      <node ref="IC2" pin="8" pinfunction="PA3" pintype="passive"/>
      <node ref="J2" pin="4" pinfunction="Pin_4" pintype="passive"/>
    </net>
    <net code="18" name="PA4">
      <node ref="IC2" pin="9" pinfunction="PA4" pintype="passive"/>
      <node ref="J4" pin="1" pinfunction="Pin_1" pintype="passive"/>
    </net>
    <net code="19" name="PA5">
      <node ref="IC2" pin="10" pinfunction="PA5" pintype="passive"/>
      <node ref="J4" pin="2" pinfunction="Pin_2" pintype="passive"/>
    </net>
    <net code="20" name="PA6">
      <node ref="IC2" pin="11" pinfunction="PA6" pintype="passive"/>
      <node ref="J4" pin="3" pinfunction="Pin_3" pintype="passive"/>
    </net>
    <net code="21" name="PA7">
      <node ref="IC2" pin="12" pinfunction="PA7" pintype="passive"/>
      <node ref="J4" pin="4" pinfunction="Pin_4" pintype="passive"/>
    </net>
    <net code="22" name="PA15">
      <node ref="IC2" pin="25" pinfunction="PA15" pintype="passive"/>
      <node ref="J3" pin="6" pinfunction="Pin_6" pintype="passive"/>
    </net>
    <net code="23" name="PB0">
      <node ref="IC2" pin="13" pinfunction="PB0" pintype="passive"/>
      <node ref="J4" pin="5" pinfunction="Pin_5" pintype="passive"/>
    </net>
    <net code="24" name="PB3">
      <node ref="IC2" pin="26" pinfunction="PB3" pintype="passive"/>
      <node ref="J3" pin="5" pinfunction="Pin_5" pintype="passive"/>
    </net>
    <net code="25" name="PB4">
      <node ref="IC2" pin="27" pinfunction="PB4" pintype="passive"/>
      <node ref="J3" pin="4" pinfunction="Pin_4" pintype="passive"/>
    </net>
    <net code="26" name="PB5">
      <node ref="IC2" pin="28" pinfunction="PB5" pintype="passive"/>
      <node ref="J3" pin="3" pinfunction="Pin_3" pintype="passive"/>
    </net>
    <net code="27" name="PB6">
      <node ref="IC2" pin="29" pinfunction="PB6" pintype="passive"/>
      <node ref="J3" pin="2" pinfunction="Pin_2" pintype="passive"/>
    </net>
    <net code="28" name="PB7">
      <node ref="IC2" pin="30" pinfunction="PB7" pintype="passive"/>
      <node ref="J3" pin="1" pinfunction="Pin_1" pintype="passive"/>
    </net>
    <net code="29" name="SCL">
      <node ref="IC1" pin="9" pinfunction="SCL" pintype="passive"/>
      <node ref="IC2" pin="19" pinfunction="PA9" pintype="passive"/>
      <node ref="J5" pin="1" pinfunction="Pin_1" pintype="passive"/>
      <node ref="R4" pin="1" pintype="passive"/>
    </net>
    <net code="30" name="SDA">
      <node ref="IC1" pin="10" pinfunction="SDA" pintype="passive"/>
      <node ref="IC2" pin="18" pinfunction="PA8" pintype="passive"/>
      <node ref="J5" pin="2" pinfunction="Pin_2" pintype="passive"/>
      <node ref="R3" pin="1" pintype="passive"/>
    </net>
    <net code="31" name="SWCLK">
      <node ref="IC2" pin="24" pinfunction="PA14" pintype="passive"/>
      <node ref="J1" pin="2" pinfunction="Pin_2" pintype="passive"/>
    </net>
    <net code="32" name="SWDIO">
      <node ref="IC2" pin="23" pinfunction="PA13" pintype="passive"/>
      <node ref="J1" pin="1" pinfunction="Pin_1" pintype="passive"/>
    </net>
    <net code="33" name="USB_DM">
      <node ref="D1" pin="1" pinfunction="TVS1" pintype="passive"/>
      <node ref="IC2" pin="21" pinfunction="PA11" pintype="passive"/>
      <node ref="J6" pin="2" pinfunction="D-" pintype="bidirectional"/>
    </net>
    <net code="34" name="USB_DP">
      <node ref="D1" pin="3" pinfunction="TVS2" pintype="passive"/>
      <node ref="IC2" pin="22" pinfunction="PA12" pintype="passive"/>
      <node ref="J6" pin="3" pinfunction="D+" pintype="bidirectional"/>
    </net>
    <net code="35" name="unconnected-(D1-Pad6)">
      <node ref="D1" pin="6" pinfunction="TVS4" pintype="passive+no_connect"/>
    </net>
    <net code="36" name="unconnected-(IC1-Pad1)">
      <node ref="IC1" pin="1" pinfunction="N.C._1" pintype="passive+no_connect"/>
    </net>
    <net code="37" name="unconnected-(IC1-Pad7)">
      <node ref="IC1" pin="7" pinfunction="N.C._2" pintype="passive+no_connect"/>
    </net>
    <net code="38" name="unconnected-(IC1-Pad12)">
      <node ref="IC1" pin="12" pinfunction="N.C._3" pintype="passive+no_connect"/>
    </net>
    <net code="39" name="unconnected-(IC1-Pad13)">
      <node ref="IC1" pin="13" pinfunction="N.C._4" pintype="passive+no_connect"/>
    </net>
    <net code="40" name="unconnected-(IC1-Pad14)">
      <node ref="IC1" pin="14" pinfunction="N.C._5" pintype="passive+no_connect"/>
    </net>
    <net code="41" name="unconnected-(IC3-Pad4)">
      <node ref="IC3" pin="4" pinfunction="NC" pintype="no_connect"/>
    </net>
    <net code="42" name="unconnected-(IC4-Pad4)">
      <node ref="IC4" pin="4" pinfunction="NC" pintype="no_connect"/>
    </net>
    <net code="43" name="unconnected-(J6-Pad4)">
      <node ref="J6" pin="4" pinfunction="ID" pintype="passive+no_connect"/>
    </net>
    <net code="44" name="unconnected-(Y1-Pad2)">
      <node ref="Y1" pin="2" pinfunction="2" pintype="passive+no_connect"/>
    </net>
    <net code="45" name="unconnected-(Y1-Pad4)">
      <node ref="Y1" pin="4" pinfunction="4" pintype="passive+no_connect"/>
    </net>
  </nets>
</export>
